{"mean":{"confidence_interval":{"confidence_level":0.95,"lower_bound":12343181.273800008,"upper_bound":12634751.132500013},"point_estimate":12487280.864000006,"standard_error":74263.30521330186},"median":{"confidence_interval":{"confidence_level":0.95,"lower_bound":12189450.2,"upper_bound":12589812.7},"point_estimate":12361690.4,"standard_error":110596.53652778863},"median_abs_dev":{"confidence_interval":{"confidence_level":0.95,"lower_bound":568510.2246469237,"upper_bound":1001462.034160494},"point_estimate":744898.4052354106,"standard_error":112726.78358422875},"slope":null,"std_dev":{"confidence_interval":{"confidence_level":0.95,"lower_bound":629840.2689117144,"upper_bound":849692.8394151902},"point_estimate":742138.6645701383,"standard_error":56394.209658157946}}