{"mean":{"confidence_interval":{"confidence_level":0.95,"lower_bound":4919213.812886363,"upper_bound":5046364.159590909},"point_estimate":4980190.278181817,"standard_error":32382.040764865742},"median":{"confidence_interval":{"confidence_level":0.95,"lower_bound":4915078.090909091,"upper_bound":5039982.681818182},"point_estimate":4954969.0,"standard_error":33429.69417650088},"median_abs_dev":{"confidence_interval":{"confidence_level":0.95,"lower_bound":201364.0327887099,"upper_bound":331913.69956189976},"point_estimate":280945.9559213032,"standard_error":33135.30328222961},"slope":null,"std_dev":{"confidence_interval":{"confidence_level":0.95,"lower_bound":245389.90441029708,"upper_bound":415197.4988809916},"point_estimate":325554.93221304653,"standard_error":45318.43163052842}}