{"mean":{"confidence_interval":{"confidence_level":0.95,"lower_bound":1411453.6449960119,"upper_bound":1442726.7727134018},"point_estimate":1426689.2193147708,"standard_error":7968.629391046784},"median":{"confidence_interval":{"confidence_level":0.95,"lower_bound":1404253.0833333333,"upper_bound":1440176.4285714286},"point_estimate":1423373.2039800994,"standard_error":9730.674764458461},"median_abs_dev":{"confidence_interval":{"confidence_level":0.95,"lower_bound":49356.03296004288,"upper_bound":80892.3402460601},"point_estimate":61946.325806339744,"standard_error":8299.8763720381},"slope":{"confidence_interval":{"confidence_level":0.95,"lower_bound":1408119.5971827244,"upper_bound":1452848.4702868732},"point_estimate":1429572.7003044186,"standard_error":11426.457223377964},"std_dev":{"confidence_interval":{"confidence_level":0.95,"lower_bound":62304.112240131304,"upper_bound":97568.99858846422},"point_estimate":79697.53527501615,"standard_error":9107.230405489378}}