{"mean":{"confidence_interval":{"confidence_level":0.95,"lower_bound":22813607.169666667,"upper_bound":23298873.683916666},"point_estimate":23051646.856666654,"standard_error":123769.32930842694},"median":{"confidence_interval":{"confidence_level":0.95,"lower_bound":22643203.0,"upper_bound":23198869.666666668},"point_estimate":22876603.0,"standard_error":166777.7007841064},"median_abs_dev":{"confidence_interval":{"confidence_level":0.95,"lower_bound":935298.4404951353,"upper_bound":1438444.1928625116},"point_estimate":1149534.383791686,"standard_error":135158.6169981186},"slope":null,"std_dev":{"confidence_interval":{"confidence_level":0.95,"lower_bound":1036260.7070864657,"upper_bound":1446391.3290213165},"point_estimate":1247648.6862588103,"standard_error":104819.26171698912}}