{"mean":{"confidence_interval":{"confidence_level":0.95,"lower_bound":32699883.63275,"upper_bound":33354515.06775},"point_estimate":33025931.435,"standard_error":167977.78217584835},"median":{"confidence_interval":{"confidence_level":0.95,"lower_bound":32343106.0,"upper_bound":33341204.25},"point_estimate":32791077.5,"standard_error":257450.77613841242},"median_abs_dev":{"confidence_interval":{"confidence_level":0.95,"lower_bound":1444461.9426056743,"upper_bound":2364895.5886647105},"point_estimate":1832194.4529220462,"standard_error":236061.88286731872},"slope":null,"std_dev":{"confidence_interval":{"confidence_level":0.95,"lower_bound":1482321.1705213662,"upper_bound":1875765.9643892134},"point_estimate":1690707.3600241668,"standard_error":99849.37822519387}}