{"mean":{"confidence_interval":{"confidence_level":0.95,"lower_bound":124268761.92525001,"upper_bound":127636806.46925001},"point_estimate":125789135.98,"standard_error":858920.9100933525},"median":{"confidence_interval":{"confidence_level":0.95,"lower_bound":124051595.0,"upper_bound":125737695.0},"point_estimate":124914246.0,"standard_error":447296.1058520412},"median_abs_dev":{"confidence_interval":{"confidence_level":0.95,"lower_bound":3688931.124508381,"upper_bound":6216255.547839403},"point_estimate":4718893.326222897,"standard_error":652062.2063814176},"slope":null,"std_dev":{"confidence_interval":{"confidence_level":0.95,"lower_bound":4981721.504647117,"upper_bound":12704646.5150059},"point_estimate":8639351.638739582,"standard_error":2339501.988155337}}