{"mean":{"confidence_interval":{"confidence_level":0.95,"lower_bound":78694689.2065,"upper_bound":80260060.10875},"point_estimate":79465422.53,"standard_error":400518.187631647},"median":{"confidence_interval":{"confidence_level":0.95,"lower_bound":78050544.0,"upper_bound":79771280.0},"point_estimate":78959694.0,"standard_error":357559.28660010686},"median_abs_dev":{"confidence_interval":{"confidence_level":0.95,"lower_bound":3065551.9504755735,"upper_bound":4979395.037198067},"point_estimate":4257878.864407539,"standard_error":522785.1617643421},"slope":null,"std_dev":{"confidence_interval":{"confidence_level":0.95,"lower_bound":3427934.656185541,"upper_bound":4531052.27304866},"point_estimate":4014639.5260688183,"standard_error":281508.83920394833}}