{"mean":{"confidence_interval":{"confidence_level":0.95,"lower_bound":6200946.049666666,"upper_bound":6360067.50525},"point_estimate":6279217.877777776,"standard_error":40556.72217525521},"median":{"confidence_interval":{"confidence_level":0.95,"lower_bound":6114189.833333334,"upper_bound":6354223.111111111},"point_estimate":6243439.833333334,"standard_error":54336.92340198819},"median_abs_dev":{"confidence_interval":{"confidence_level":0.95,"lower_bound":331979.0088395281,"upper_bound":508350.41957497504},"point_estimate":437037.6079410324,"standard_error":46096.50226934376},"slope":null,"std_dev":{"confidence_interval":{"confidence_level":0.95,"lower_bound":341058.9167495592,"upper_bound":470626.2016204035},"point_estimate":406590.209257598,"standard_error":33205.116332297606}}