{"mean":{"confidence_interval":{"confidence_level":0.95,"lower_bound":6369087.33846875,"upper_bound":6521534.54896875},"point_estimate":6443160.055,"standard_error":38866.646287508745},"median":{"confidence_interval":{"confidence_level":0.95,"lower_bound":6293075.625,"upper_bound":6476838.125},"point_estimate":6392232.0625,"standard_error":47419.80713323851},"median_abs_dev":{"confidence_interval":{"confidence_level":0.95,"lower_bound":286363.9069285244,"upper_bound":445151.2675688599},"point_estimate":376135.613322258,"standard_error":39504.69748745695},"slope":null,"std_dev":{"confidence_interval":{"confidence_level":0.95,"lower_bound":312645.52498958417,"upper_bound":467844.4548689651},"point_estimate":389950.5507506153,"standard_error":39916.099897856795}}